{"cameraMode":{"drawMode":0,"name":"Shaded","section":"Shading Mode"},"sceneLighting":true,"audioPlay":false,"sceneViewState":{"showFog":true,"showMaterialUpdate":false,"showSkybox":true,"showFlares":true,"showImageEffects":true,"showParticleSystems":true},"in2DMode":false,"pivot":{"x":-15.2772216796875,"y":17.430294036865236,"z":50.87496566772461},"rotation":{"x":-0.11542955040931702,"y":-0.5049208402633667,"z":0.06637497246265412,"w":-0.8532288670539856},"size":5.265567302703857,"orthographic":false}