{"cameraMode":{"drawMode":0,"name":"Shaded","section":"Shading Mode"},"sceneLighting":true,"audioPlay":false,"sceneViewState":{"showFog":true,"showMaterialUpdate":false,"showSkybox":true,"showFlares":true,"showImageEffects":true,"showParticleSystems":true},"in2DMode":false,"pivot":{"x":-20.10546875,"y":16.53564453125,"z":47.68310546875},"rotation":{"x":0.11877967417240143,"y":0.46713799238204958,"z":-0.06331503391265869,"w":0.8739591836929321},"size":5.569923400878906,"orthographic":true}