{"cameraMode":{"drawMode":0,"name":"Shaded","section":"Shading Mode"},"sceneLighting":false,"audioPlay":false,"sceneViewState":{"showFog":true,"showMaterialUpdate":false,"showSkybox":true,"showFlares":true,"showImageEffects":true,"showParticleSystems":true},"in2DMode":false,"pivot":{"x":-1.2545599937438965,"y":-1.0569677352905274,"z":-3.299142837524414},"rotation":{"x":-0.3109590411186218,"y":-0.05783623456954956,"z":0.018961800262331964,"w":-0.9484728574752808},"size":10.788238525390625,"orthographic":false}