{"cameraMode":{"drawMode":0,"name":"Shaded","section":"Shading Mode"},"sceneLighting":true,"audioPlay":false,"sceneViewState":{"showFog":true,"showMaterialUpdate":false,"showSkybox":true,"showFlares":true,"showImageEffects":true,"showParticleSystems":true},"in2DMode":false,"pivot":{"x":-19.2271728515625,"y":16.64794921875,"z":48.04638671875},"rotation":{"x":0.20262539386749268,"y":0.5649595260620117,"z":-0.14533820748329163,"w":0.7866252064704895},"size":4.277120113372803,"orthographic":true}