{"cameraMode":{"drawMode":0,"name":"Shaded","section":"Shading Mode"},"sceneLighting":false,"audioPlay":false,"sceneViewState":{"showFog":true,"showMaterialUpdate":false,"showSkybox":true,"showFlares":true,"showImageEffects":true,"showParticleSystems":true},"in2DMode":false,"pivot":{"x":-9.868453979492188,"y":16.964563369750978,"z":45.304466247558597},"rotation":{"x":0.0932028740644455,"y":0.7691069841384888,"z":-0.11530279368162155,"w":0.6216921210289002},"size":8.797896385192871,"orthographic":false}