{"cameraMode":{"drawMode":0,"name":"Shaded","section":"Shading Mode"},"sceneLighting":false,"audioPlay":false,"sceneViewState":{"showFog":true,"showMaterialUpdate":false,"showSkybox":true,"showFlares":true,"showImageEffects":true,"showParticleSystems":true},"in2DMode":false,"pivot":{"x":21.552207946777345,"y":11.411227226257325,"z":45.8831901550293},"rotation":{"x":0.13857562839984895,"y":0.564081609249115,"z":-0.09673116356134415,"w":0.808262825012207},"size":58.130611419677737,"orthographic":false}