{"cameraMode":{"drawMode":0,"name":"Shaded","section":"Shading Mode"},"sceneLighting":false,"audioPlay":false,"sceneViewState":{"showFog":true,"showMaterialUpdate":false,"showSkybox":false,"showFlares":true,"showImageEffects":true,"showParticleSystems":true},"in2DMode":false,"pivot":{"x":0.11121588945388794,"y":-0.13054227828979493,"z":-0.11501670628786087},"rotation":{"x":-0.35921984910964968,"y":0.6406542062759399,"z":-0.47184795141220095,"w":-0.4877367913722992},"size":1.2356653213500977,"orthographic":false}