{"cameraMode":{"drawMode":0,"name":"Shaded","section":"Shading Mode"},"sceneLighting":false,"audioPlay":false,"sceneViewState":{"showFog":true,"showMaterialUpdate":false,"showSkybox":true,"showFlares":true,"showImageEffects":true,"showParticleSystems":true},"in2DMode":false,"pivot":{"x":-19.491334915161134,"y":11.252625465393067,"z":45.44732666015625},"rotation":{"x":0.051514409482479098,"y":-0.1578468680381775,"z":-0.008235988207161427,"w":-0.9861099720001221},"size":0.454508900642395,"orthographic":false}