{"cameraMode":{"drawMode":0,"name":"Shaded","section":"Shading Mode"},"sceneLighting":true,"audioPlay":false,"sceneViewState":{"showFog":true,"showMaterialUpdate":false,"showSkybox":true,"showFlares":true,"showImageEffects":true,"showParticleSystems":true},"in2DMode":false,"pivot":{"x":-17.764450073242189,"y":17.370357513427736,"z":48.965354919433597},"rotation":{"x":0.3645664155483246,"y":0.18287256360054017,"z":-0.07325811684131623,"w":0.9101145267486572},"size":7.243832588195801,"orthographic":false}