{"cameraMode":{"drawMode":0,"name":"Shaded","section":"Shading Mode"},"sceneLighting":false,"audioPlay":false,"sceneViewState":{"showFog":true,"showMaterialUpdate":false,"showSkybox":true,"showFlares":true,"showImageEffects":true,"showParticleSystems":true},"in2DMode":false,"pivot":{"x":33.634727478027347,"y":14.839588165283204,"z":14.224023818969727},"rotation":{"x":0.2208663672208786,"y":0.635466456413269,"z":-0.19678950309753419,"w":0.7132214307785034},"size":51.89838790893555,"orthographic":false}