{"cameraMode":{"drawMode":0,"name":"Shaded","section":"Shading Mode"},"sceneLighting":false,"audioPlay":false,"sceneViewState":{"showFog":true,"showMaterialUpdate":false,"showSkybox":false,"showFlares":true,"showImageEffects":true,"showParticleSystems":true},"in2DMode":false,"pivot":{"x":-0.4162504971027374,"y":-0.06178271770477295,"z":-1.1153414249420167},"rotation":{"x":0.020046506077051164,"y":0.9668617248535156,"z":-0.24154189229011537,"w":0.08024019002914429},"size":1.2356653213500977,"orthographic":false}