{"cameraMode":{"drawMode":0,"name":"Shaded","section":"Shading Mode"},"sceneLighting":true,"audioPlay":false,"sceneViewState":{"showFog":true,"showMaterialUpdate":false,"showSkybox":true,"showFlares":true,"showImageEffects":true,"showParticleSystems":true},"in2DMode":false,"pivot":{"x":8.105792999267579,"y":12.829511642456055,"z":-4.651121616363525},"rotation":{"x":0.0900878831744194,"y":0.8848435282707214,"z":-0.19220605492591859,"w":0.41472679376602175},"size":9.873497009277344,"orthographic":false}