{"cameraMode":{"drawMode":0,"name":"Shaded","section":"Shading Mode"},"sceneLighting":false,"audioPlay":false,"sceneViewState":{"showFog":true,"showMaterialUpdate":false,"showSkybox":true,"showFlares":true,"showImageEffects":true,"showParticleSystems":true},"in2DMode":false,"pivot":{"x":-20.276151657104493,"y":21.232093811035158,"z":51.01297378540039},"rotation":{"x":-0.14084120094776154,"y":0.6513595581054688,"z":-0.12480316311120987,"w":-0.7350637316703796},"size":2.397193193435669,"orthographic":false}