{"cameraMode":{"drawMode":0,"name":"Shaded","section":"Shading Mode"},"sceneLighting":false,"audioPlay":false,"sceneViewState":{"showFog":true,"showMaterialUpdate":false,"showSkybox":false,"showFlares":true,"showImageEffects":true,"showParticleSystems":true},"in2DMode":false,"pivot":{"x":-107.41259765625,"y":1768.05078125,"z":-33.24658203125},"rotation":{"x":0.058213114738464358,"y":-0.9397911429405212,"z":0.2677042484283447,"w":0.20444059371948243},"size":113.23058319091797,"orthographic":true}