{"cameraMode":{"drawMode":0,"name":"Shaded","section":"Shading Mode"},"sceneLighting":true,"audioPlay":false,"sceneViewState":{"showFog":true,"showMaterialUpdate":false,"showSkybox":true,"showFlares":true,"showImageEffects":true,"showParticleSystems":true},"in2DMode":false,"pivot":{"x":-17.894241333007814,"y":17.465646743774415,"z":48.50619125366211},"rotation":{"x":0.43213915824890139,"y":0.20924630761146546,"z":-0.10378602147102356,"w":0.8711181282997131},"size":2.788445234298706,"orthographic":false}