{"cameraMode":{"drawMode":0,"name":"Shaded","section":"Shading Mode"},"sceneLighting":true,"audioPlay":false,"sceneViewState":{"showFog":true,"showMaterialUpdate":false,"showSkybox":true,"showFlares":true,"showImageEffects":true,"showParticleSystems":true},"in2DMode":false,"pivot":{"x":-19.84697723388672,"y":11.367544174194336,"z":45.50419998168945},"rotation":{"x":0.03759831190109253,"y":-0.6019006967544556,"z":-0.029863405972719194,"w":-0.7975074052810669},"size":0.7693440318107605,"orthographic":false}